4720629 Adan Schruyers aschruyers0@dot.gov Female 
17667337 Thorsten Perassi tperassi1@w3.org Male 
2772829 Tomas Donn tdonn2@wired.com Male 
12146597 Shelagh Hellyar shellyar3@ed.gov Female 
5393175 Kippy Tapner ktapner4@csmonitor.com Male 
1228482 Lynnette Omond lomond5@japanpost.jp Female 
1476825 Cissiee Maynard cmaynard6@example.com Female 
3127696 Lois Moreby lmoreby7@fotki.com Female 
5147797 Dorine Burberow dburberow8@diigo.com Female 
3408660 Robb Heggie rheggie9@earthlink.net Male 
15763826 Albertina Tiptaft atiptafta@themeforest.net Female 
8311552 Barbara-anMurney Murney bmurneyb@booking.com Female 
3102725 Jude Dewett jdewettc@meetup.com Male 
10045310 Ansel Raymen araymend@networkadvertising.org Male 
16789106 Camellia Hutson chutsone@ca.gov Female 
17886001 Glori Jayne gjaynef@reuters.com Female 
19072133 Utar Tardiff utardiffg@freewebs.com Female 
16209608 Quincy Gorler qgorlerh@mozilla.com Male 
3071987 Artemas Huish ahuishi@histats.com Male 
978168 Dorree Turford dturfordj@nps.gov Female 
19465749 Jennilee Ruffell jruffellk@soundcloud.com Female 
3292876 Langston O'Brogan lobroganl@auda.org.au Male 
93811 Devin Swaisland dswaislandm@jugem.jp Male 
11949196 Brett Udall budalln@usa.gov Male 
8506313 Kathe Drissell kdrissello@odnoklassniki.ru Female 
11720698 Jeanelle Darracott jdarracottp@kickstarter.com Female 
11220561 Trefor Olner tolnerq@bing.com Male 
17463076 Ignacio McCluney imccluneyr@businessinsider.com Male 
19946803 Leicester Souster lsousters@woothemes.com Male 
0 khalil krifi khalil.krifi@ensi-uma.com male 
111110254 Houssem Sassi houssemsassi@gmail.com male 
